WMO_NUM,station_number,station_name,LATITUDE,LONGITUDE
95214,1006,WYNDHAM AERO,-15.51,128.1503
94102,1007,TROUGHTON ISLAND,-13.7542,126.1485
,1013,WYNDHAM,-15.4869,128.1236
94211,1018,MOUNT ELIZABETH,-16.4181,126.1025
94100,1019,KALUMBURU,-14.2964,126.6453
95101,1020,TRUSCOTT,-14.09,126.3867
94215,1025,DOONGAN,-15.3797,126.3114
99201,2012,HALLS CREEK METEOROLOGICAL OFFICE,-18.2291,127.6636
94213,2032,WARMUN,-17.0154,128.2174
94216,2056,KUNUNURRA AERO,-15.7814,128.71
94217,2064,ARGYLE AERODROME,-16.638,128.4516
94212,2079,HALLS CREEK AIRPORT,-18.2337,127.6666
94203,3003,BROOME AIRPORT,-17.9475,122.2352
94202,3030,BIDYADANGA,-18.6844,121.7803
95205,3032,DERBY AERO,-17.3706,123.6611
94201,3057,CYGNET BAY,-16.4513,123.0087
94204,3080,CURTIN AERO,-17.5768,123.8297
94206,3093,FITZROY CROSSING AERO,-18.1814,125.5619
95204,3096,WEST ROEBUCK,-17.8964,122.3122
95202,3102,BROOME NTC AWS,-18.0015,122.2176
95208,3108,YAMPI SOUND (DEFENCE),-16.7671,123.981
,3109,BROOME NTC AWS COMPARISON,-18.0008,122.2183
94200,4019,MANDORA,-19.7419,120.8433
94311,4028,PARDOO STATION,-20.1078,119.5811
94312,4032,PORT HEDLAND AIRPORT,-20.3725,118.6317
,4035,ROEBOURNE,-20.7767,117.1456
95307,4083,KARRATHA AERO,-20.7097,116.7742
94308,4090,ROEBOURNE AERO,-20.7594,117.1583
94307,4095,LEGENDRE ISLAND,-20.3583,116.8431
94310,4100,BEDOUT ISLAND,-19.5894,119.1
95317,4106,MARBLE BAR,-21.1756,119.7497
94302,5007,LEARMONTH AIRPORT,-22.2406,114.0967
94306,5008,MARDIE,-21.1906,115.9797
95305,5017,ONSLOW AIRPORT,-21.6689,115.1092
94313,5026,WITTENOOM,-22.2425,118.3358
,5051,EXMOUTH TOWN,-21.9303,114.126
94303,5084,THEVENARD ISLAND,-21.4609,115.0188
95304,5094,BARROW ISLAND AIRPORT,-20.874,115.4066
94330,5098,KARIJINI NORTH,-22.2999,118.4498
94300,6011,CARNARVON AIRPORT,-24.8878,113.67
94410,6022,GASCOYNE JUNCTION,-25.0544,115.21
94402,6044,DENHAM,-25.9265,113.5325
94318,6072,EMU CREEK STATION,-23.0314,115.0414
94422,6099,MURCHISON,-26.8956,115.9567
95402,6105,SHARK BAY AIRPORT,-25.8925,113.5772
95301,6108,CAPE CUVIER WHARF,-24.2201,113.3975
94430,7045,MEEKATHARRA AIRPORT,-26.6136,118.5372
,7080,THREE RIVERS,-25.1256,119.1514
94404,7139,PAYNES FIND,-29.2708,117.6836
94317,7176,NEWMAN AERO,-23.4213,119.8023
94316,7185,PARABURDOO AERO,-23.1726,117.7493
94429,7600,MOUNT MAGNET AERO,-28.1156,117.8425
94415,8025,CARNAMAH,-29.6883,115.8857
94411,8095,MULLEWA,-28.5367,115.5142
94622,8137,WONGAN HILLS,-30.8917,116.7186
94414,8225,ENEABBA,-29.8183,115.2722
94401,8251,KALBARRI,-27.7119,114.165
94405,8290,NORTH ISLAND,-28.3009,113.5937
94417,8296,MORAWA AIRPORT,-29.2039,116.0247
95629,8297,DALWALLINU,-30.2761,116.6714
94403,8315,GERALDTON AIRPORT,-28.8047,114.6989
94610,9021,PERTH AIRPORT,-31.9275,115.9764
,9030,MUNDARING,-31.8978,116.1581
94603,9037,BADGINGARRA RESEARCH STN,-30.3381,115.5394
94612,9053,PEARCE RAAF,-31.6669,116.0189
95620,9091,INNER DOLPHIN PYLON,-31.9889,115.8311
95604,9106,GOSNELLS CITY,-32.0481,115.9844
95614,9111,KARNET,-32.4389,116.0789
95606,9114,LANCELIN,-31.016,115.3322
95600,9131,JURIEN BAY,-30.3081,115.0311
94609,9172,JANDAKOT AERO,-32.1011,115.8794
95612,9178,GINGIN AERO,-31.4628,115.8642
94602,9193,ROTTNEST ISLAND,-32.0069,115.5022
95608,9194,MEDINA RESEARCH CENTRE,-32.2208,115.8075
94615,9204,GOOSEBERRY HILL,-31.9414,116.0506
94607,9214,OCEAN REEF,-31.7594,115.7278
94614,9215,SWANBOURNE,-31.956,115.7619
94618,9224,FREMANTLE PORT,-32.0544,115.7414
94608,9225,PERTH METRO,-31.9192,115.8728
95610,9240,BICKLEY,-32.0072,116.1369
99254,9254,ARMAMENT JETTY,-32.1758,115.6808
99255,9255,COLPOYS POINT,-32.2272,115.6994
95607,9256,GARDEN ISLAND HSF,-32.2433,115.6839
95605,9265,HILLARYS BOAT HARBOUR NTC AWS,-31.8256,115.7386
95609,9280,LANCELIN (DEFENCE),-30.8392,115.2283
94795,9281,MILLENDON (SWAN VALLEY),-31.8112,116.0227
94801,9500,ALBANY,-35.0289,117.8808
94601,9518,CAPE LEEUWIN,-34.3728,115.1358
94600,9519,CAPE NATURALISTE,-33.5372,115.0189
95622,9534,DONNYBROOK,-33.5719,115.8247
94620,9538,DWELLINGUP,-32.7103,116.0594
95638,9542,ESPERANCE AERO,-33.6825,121.8275
95630,9569,BUSSELTON,-33.655,115.3194
94617,9573,MANJIMUP,-34.2508,116.145
94630,9581,MOUNT BARKER,-34.625,117.6361
95611,9603,BUSSELTON AERO,-33.6818,115.4026
95632,9617,BRIDGETOWN,-33.9486,116.1311
94802,9741,ALBANY AIRPORT,-34.9414,117.8022
95641,9746,WITCHCLIFFE,-34.0281,115.1042
94638,9789,ESPERANCE,-33.83,121.8925
94640,9871,WINDY HARBOUR,-34.8373,116.026
95602,9937,BUSSELTON JETTY,-33.6294,115.3383
95635,9961,HOPETOUN NORTH,-33.9306,120.1283
94631,9964,ROCKY GULLY,-34.5714,117.0106
94604,9965,BUNBURY,-33.3567,115.6447
95617,9968,SHANNON,-34.5683,116.3367
94605,9977,MANDURAH,-32.5219,115.7119
99694,9983,STYLES TOWER,-33.9123,115.8999
95621,9994,COLLIE EAST,-33.3608,116.1717
95647,9998,NORTH WALPOLE,-34.9469,116.7222
94802,9999,ALBANY AIRPORT,-34.9411,117.8158
94632,10007,BENCUBBIN,-30.8081,117.8603
95603,10073,KELLERBERRIN,-31.6183,117.7217
95624,10092,MERREDIN,-31.4756,118.2789
,10102,MUKINBUDIN,-30.9153,118.2105
94621,10111,NORTHAM,-31.6508,116.6586
95625,10286,CUNDERDIN AIRFIELD,-31.6219,117.2217
94623,10311,YORK,-31.8997,116.765
95615,10515,BEVERLEY,-32.1083,116.9247
94625,10524,BROOKTON,-32.3728,117.0086
94633,10536,CORRIGIN,-32.3292,117.8733
95627,10568,HYDEN,-32.4419,118.8983
95626,10612,NAREMBEEN,-32.0656,118.3956
94627,10614,NARROGIN,-32.9342,117.1797
95628,10622,ONGERUP,-33.9634,118.4788
95616,10626,PINGELLY,-32.5336,117.0831
94636,10633,RAVENSTHORPE,-33.5803,120.0458
95618,10647,WAGIN,-33.3075,117.3403
94628,10692,NEWDEGATE RESEARCH STATION,-33.1129,118.84
95636,10905,JACUP,-33.8878,119.1092
95637,10911,LAKE GRACE,-33.1006,118.4647
94641,10916,KATANNING,-33.6856,117.6064
95640,10917,WANDERING,-32.6722,116.6706
94647,11003,EUCLA,-31.6797,128.8958
94642,11017,BALLADONIA,-32.4569,123.8653
94645,11019,EYRE,-32.2464,126.3008
95646,11052,FORREST,-30.8453,128.1092
94644,11053,RED ROCKS POINT,-32.2028,127.5297
95642,12009,NORSEMAN AERO,-32.2147,121.7547
94637,12038,KALGOORLIE-BOULDER AIRPORT,-30.7847,121.4533
95644,12044,MUNGLINUP WEST,-33.5547,120.6997
,12046,LEONORA,-28.8879,121.3302
95639,12071,SALMON GUMS RES.STN.,-32.9869,121.6239
94440,12090,YEELIRRIE,-27.2842,120.0931
94444,12239,BULGA DOWNS,-28.4967,119.7436
94450,12241,LEONORA AERO,-28.8789,121.3186
94449,12305,LAVERTON AERO,-28.6133,122.4236
95448,12314,LEINSTER AERO,-27.8386,120.7031
95634,12320,SOUTHERN CROSS AIRFIELD,-31.2353,119.3564
94320,13007,BALGO HILLS,-20.1417,127.9867
94457,13011,WARBURTON AIRFIELD,-26.1317,126.5839
94439,13012,WILUNA,-26.5914,120.2258
94451,13015,CARNEGIE,-25.7964,122.9753
94461,13017,GILES METEOROLOGICAL OFFICE,-25.0341,128.301
94319,13030,TELFER AERO,-21.7125,122.2281
95439,13044,WILUNA AERO,-26.6273,120.2195
94315,13045,BALGO HILLS ASA,-20.135,127.9892
94120,14015,DARWIN AIRPORT,-12.4239,130.8925
99501,14023,GUNN POINT,-12.249,131.0449
99510,14031,CHARLES POINT,-12.3895,130.6306
95121,14041,MIDDLE POINT,-12.605,131.2988
,14042,OENPELLI,-12.3236,133.0579
94114,14056,FISH REEF MARINE,-12.4322,130.4428
95122,14072,DARWIN NTC AWS,-12.4719,130.8458
94119,14142,PIRLANGIMPI AIRPORT,-11.4021,130.4217
94134,14153,BLACK POINT,-11.1538,132.143
94137,14198,JABIRU AIRPORT,-12.6592,132.894
94129,14245,CAPE DON,-11.3081,131.7651
94121,14253,CHANNEL POINT,-13.1672,130.1226
94127,14254,POINT STUART,-12.2403,131.8785
94125,14272,BATCHELOR AIRPORT,-13.0544,131.0252
94135,14274,MCCLUER ISLAND,-11.0468,132.9791
94116,14277,DUM IN MIRRIE AIRSTRIP,-12.635,130.3725
94106,14299,NGUKURR AIRPORT,-14.7236,134.7456
94132,14305,KATHERINE COUNTRY CLUB,-14.4728,132.2612
94108,14308,CROKER ISLAND AIRPORT,-11.1629,132.4813
94109,14309,MURGANELLA AIRSTRIP,-11.5485,132.9266
94110,14310,OENPELLI AIRPORT,-12.3272,133.0069
94105,14314,NOONAMAH AIRSTRIP,-12.6099,131.0474
94139,14401,WARRUWI AIRPORT,-11.65,133.3797
94140,14404,MILINGIMBI AIRPORT,-12.0932,134.8919
95142,14405,MANINGRIDA AIRPORT,-12.0569,134.2339
94154,14406,GROOTE EYLANDT NTC AWS,-13.86,136.4158
,14505,NUMBULWAR,-14.2786,135.739
94150,14508,GOVE AIRPORT,-12.2741,136.8201
95146,14517,NGAYAWILI,-11.9971,135.5726
94153,14518,GROOTE EYLANDT AIRPORT,-13.9746,136.463
94237,14612,LARRIMAH,-15.5748,133.2137
94234,14626,DALY WATERS AIRSTRIP,-16.2637,133.3782
94143,14627,BULMAN,-13.6715,134.3415
94248,14703,CENTRE ISLAND,-15.7426,136.8192
94239,14704,MCARTHUR RIVER MINE AIRPORT,-16.4423,136.076
94258,14707,WOLLOGORANG,-17.2122,137.9462
94152,14723,BORROLOOLA AIRPORT,-16.0755,136.3041
94221,14808,BRADSHAW - ANGALLARI VALLEY (DEFENCE),-15.4397,130.5731
94232,14825,VICTORIA RIVER DOWNS,-16.403,131.0145
94231,14829,LAJAMANU AIRPORT,-18.3324,130.6361
94229,14840,WAVE HILL,-17.3869,131.1166
,14847,KIDMAN SPRINGS,-16.1177,130.9558
94220,14850,TIMBER CREEK,-15.6614,130.4808
94128,14901,DOUGLAS RIVER RESEARCH FARM,-13.8345,131.1872
,14903,KATHERINE AVIATION MUSEUM,-14.4437,132.2737
94141,14909,CENTRAL ARNHEM PLATEAU,-13.3275,133.0861
94131,14932,TINDAL RAAF,-14.5229,132.3826
94117,14938,MANGO FARM,-13.7379,130.6834
95111,14948,PORT KEATS AIRPORT,-14.2494,129.5282
94225,14949,DELAMERE WEAPONS RANGE,-15.7441,131.9181
94130,14954,BRADSHAW,-14.9408,130.8091
,14960,PINE CREEK COUNCIL,-13.8243,131.832
94222,14981,BRADSHAW - KOOLENDONG VALLEY (DEFENCE),-15.1853,130.1169
94161,14982,KANGAROO FLATS (DEFENCE),-12.7934,130.8542
94162,14983,MOUNT BUNDEY NORTH (DEFENCE),-12.9141,131.8663
94112,14984,MOUNT BUNDEY SOUTH (DEFENCE),-13.0889,131.8478
99179,14988,KNUCKEY LAGOON,-12.4422,130.9556
94242,15085,BRUNETTE DOWNS,-18.637,135.945
94236,15131,ELLIOTT,-17.5552,133.5439
94238,15135,TENNANT CREEK AIRPORT,-19.6423,134.1833
94325,15502,ALI CURUNG,-21.0025,134.4029
94463,15511,CURTIN SPRINGS,-25.3139,131.7571
94324,15528,YUENDUMU,-22.2565,131.8011
94326,15590,ALICE SPRINGS AIRPORT,-23.7951,133.889
95323,15594,ARLTUNGA,-23.4564,134.6849
94327,15602,JERVOIS,-22.9494,136.1442
94466,15603,KULGERA,-25.8428,133.3027
94322,15612,PAPUNYA,-23.2044,131.9156
94462,15635,YULARA AIRPORT,-25.1896,130.9737
94328,15643,TERRITORY GRAPE FARM,-22.4518,133.6377
94323,15652,WATARRKA,-24.2918,131.549
,15660,ULURU RANGERS,-25.3602,131.0196
94321,15664,WALUNGURRU AIRPORT,-23.2656,129.3844
95322,15666,RABBIT FLAT,-20.1823,130.0148
94659,16001,WOOMERA AERODROME,-31.1558,136.8054
,16032,NONNING,-32.5226,136.4926
95660,16065,ANDAMOOKA,-30.449,137.1692
94477,16085,MARLA POLICE STATION,-27.3002,133.6201
95458,16090,COOBER PEDY AIRPORT,-29.0347,134.7222
95658,16096,OLYMPIC DAM AERODROME,-30.4869,136.8739
94474,16097,PUKATJA,-26.2635,132.1771
94655,16098,TARCOOLA AERO,-30.7051,134.5786
94476,17043,OODNADATTA AIRPORT,-27.5553,135.4456
94676,17099,ARKAROOLA,-30.311,139.3357
94674,17110,LEIGH CREEK AIRPORT,-30.5963,138.4219
95481,17123,MOOMBA AIRPORT,-28.0997,140.1956
95480,17126,MARREE AERO,-29.6587,138.0684
94653,18012,CEDUNA AMO,-32.1297,133.6976
94661,18014,CLEVE,-33.7011,136.4937
94668,18040,KIMBA,-33.1416,136.4126
94657,18044,KYANCUTTA,-33.1337,135.5521
94656,18069,ELLISTON,-33.6501,134.888
94654,18079,STREAKY BAY,-32.8084,134.1979
95654,18083,WUDINNA AERO,-33.043,135.4519
94651,18106,NULLARBOR,-31.4492,130.8976
94804,18115,NEPTUNE ISLAND,-35.3365,136.1174
94662,18116,CLEVE AERODROME,-33.7081,136.5026
95664,18120,WHYALLA AERO,-33.0539,137.5206
94658,18191,COLES POINT,-34.3749,135.3741
95661,18192,PORT LINCOLN AWS,-34.5993,135.8784
95662,18195,MINNIPA PIRSA,-32.8427,135.1515
95653,18200,THEVENARD WIND,-32.1803,133.6343
95666,18201,PORT AUGUSTA AERO,-32.5073,137.7169
95652,18207,THEVENARD NTC AWS,-32.149,133.6416
95663,18217,CUMMINS AERO,-34.2524,135.7135
95683,18229,CULTANA (DEFENCE),-32.6845,137.3689
95649,18230,POINT AVOID,-34.675,135.3362
94673,19017,HAWKER,-31.9043,138.4388
,19053,WIRRABARA FOREST,-33.0856,138.2119
94679,19062,YONGALA,-33.0276,138.756
95668,20028,GLUEPOT,-33.7622,140.1251
94684,20062,YUNTA AIRSTRIP,-32.5707,139.5645
,21118,PORT PIRIE AERODROME,-33.2341,138.001
95667,21131,CLARE HIGH SCHOOL,-33.8226,138.5933
95670,21133,RAYVILLE PARK,-33.7676,138.2182
99749,21139,PORT PIRIE AERODROME AWS,-33.2371,137.9971
94665,22008,MAITLAND,-34.3745,137.6733
95669,22015,PRICE,-34.2971,138.0014
94663,22018,WAROOKA,-34.9906,137.3995
95659,22031,MINLATON AERO,-34.748,137.5276
94809,22046,EDITHBURGH,-35.1121,137.7395
95806,22049,STENHOUSE BAY,-35.2795,136.9392
94685,22050,KADINA AWS,-33.9703,137.6628
94666,22053,WARBURTO POINT,-34.0041,137.528
94822,22803,CAPE WILLOUGHBY,-35.8426,138.1327
95805,22823,CAPE BORDA,-35.7549,136.5959
95807,22841,KINGSCOTE AERO,-35.7114,137.5231
94807,22843,PARNDANA CFS AWS,-35.7916,137.2496
94648,23000,ADELAIDE (WEST TERRACE / NGAYIRDAPIRA),-34.9257,138.5832
95677,23013,PARAFIELD AIRPORT,-34.7977,138.6281
94672,23034,ADELAIDE AIRPORT,-34.9524,138.5196
95675,23052,BLACK POLE,-34.7343,138.4653
95676,23083,EDINBURGH RAAF,-34.7111,138.6222
94675,23090,KENT TOWN,-34.9211,138.6216
99672,23109,ADELAIDE AIRPORT (ANEMOMETER SOUTH WEST),-34.9573,138.5152
95671,23122,ROSEWORTHY AWS,-34.5106,138.6763
99673,23123,ADELAIDE AIRPORT (ANEMOMETER NORTHEAST),-34.9382,138.5435
99674,23124,ADELAIDE AIRPORT (ANEMOMETER NORTHWEST),-34.9435,138.5232
95674,23343,TURRETFIELD RESEARCH CENTRE,-34.5519,138.8342
94681,23373,NURIOOTPA PIRSA,-34.4761,139.0056
94806,23733,MOUNT BARKER,-35.0732,138.8466
95811,23804,ENCOUNTER BAY,-35.5544,138.5997
95678,23842,MOUNT LOFTY,-34.9784,138.7088
94811,23875,SECOND VALLEY FOREST AWS,-35.5695,138.2864
94678,23878,MOUNT CRAWFORD AWS,-34.7253,138.9278
94808,23885,NOARLUNGA,-35.1586,138.5057
95679,23886,MOUNT TERRIBLE RADAR,-35.3294,138.5019
94683,23887,KUITPO FOREST RESERVE,-35.1712,138.6783
94677,23894,HINDMARSH ISLAND AWS,-35.5194,138.8177
94682,24024,LOXTON RESEARCH CENTRE,-34.439,140.5978
95687,24048,RENMARK AERO,-34.1983,140.6766
94680,24511,EUDUNDA,-34.1773,139.0903
95814,24518,MENINGIE,-35.6902,139.3375
95812,24521,MURRAY BRIDGE,-35.1234,139.2592
94814,24580,STRATHALBYN RACECOURSE,-35.2836,138.8934
95818,24584,PALLAMANA AERODROME,-35.065,139.2273
95813,25006,KAROONDA,-35.09,139.8972
94816,25507,KEITH,-36.098,140.3556
,25509,LAMEROO,-35.3288,140.5175
95815,25557,MUNKORA,-36.1058,140.3273
94690,25562,AUSTIN PLAINS,-35.3778,140.5378
94821,26021,MOUNT GAMBIER AERO,-37.7473,140.7739
94812,26026,ROBE,-37.1628,139.756
94817,26091,COONAWARRA,-37.2906,140.8254
94813,26095,THE LIMESTONE,-36.9655,139.7164
94820,26099,NARACOORTE AERODROME,-36.9813,140.727
95823,26100,PADTHAWAY SOUTH,-36.6539,140.5212
95816,26105,ROBE AIRFIELD,-37.1776,139.8054
94170,27045,WEIPA AERO,-12.6778,141.9208
94182,27054,COCONUT ISLAND,-10.0511,143.0686
94174,27058,HORN ISLAND,-10.5844,142.29
94183,27073,COEN AIRPORT,-13.7606,143.1183
94171,27075,SCHERGER RAAF,-12.6167,142.0869
94276,28004,PALMERVILLE,-15.9999,144.0754
,28007,MUSGRAVE,-14.7803,143.5036
94186,28008,LOCKHART RIVER AIRPORT,-12.785,143.3047
94259,29004,BURKETOWN POST OFFICE,-17.7425,139.5475
,29012,CROYDON TOWNSHIP,-18.2044,142.2447
94268,29038,KOWANYAMA AIRPORT,-15.4818,141.7483
99116,29039,MORNINGTON ISLAND,-16.664,139.1837
94337,29058,JULIA CREEK AIRPORT,-20.6672,141.7214
94266,29063,NORMANTON AIRPORT,-17.6872,141.0733
94260,29077,BURKETOWN AIRPORT,-17.7483,139.5356
94332,29127,MOUNT ISA AERO,-20.6778,139.4875
94257,29139,SWEERS ISLAND,-17.1142,139.5981
94335,29141,CLONCURRY AIRPORT,-20.6664,140.505
94261,29167,CENTURY MINE,-18.7569,138.7056
94348,29181,LAKE JULIUS AWS,-20.1167,139.7256
94254,29182,MORNINGTON ISLAND AIRPORT,-16.662,139.1655
94275,30018,GEORGETOWN POST OFFICE,-18.2922,143.5483
94343,30022,HUGHENDEN AIRPORT,-20.8192,144.2333
94340,30045,RICHMOND POST OFFICE,-20.7289,143.1425
94274,30124,GEORGETOWN AIRPORT,-18.3039,143.5306
94341,30161,RICHMOND AIRPORT,-20.7001,143.1137
94287,31011,CAIRNS AERO,-16.8736,145.7458
94285,31037,LOW ISLES LIGHTHOUSE,-16.3842,145.5592
95284,31108,WALKAMIN RESEARCH STATION,-17.1347,145.4281
95283,31209,COOKTOWN AIRPORT,-15.4461,145.1861
95286,31210,MAREEBA AIRPORT,-17.0704,145.4293
94188,31213,CAPE FLATTERY,-14.9672,145.3106
,31217,ATHERTON SOLAR CRESCENT,-17.2583,145.4739
94288,31222,CAIRNS RACECOURSE,-16.9463,145.7474
94292,32004,CARDWELL MARINE PDE,-18.2544,146.0192
94291,32025,INNISFAIL,-17.5249,146.0345
95292,32037,SOUTH JOHNSTONE EXP STN,-17.6053,145.9972
94294,32040,TOWNSVILLE AERO,-19.2483,146.7661
95291,32078,INGHAM COMPOSITE,-18.6494,146.1769
94295,32141,LUCINDA POINT,-18.5203,146.3861
94297,32182,CAPE FERGUSON NTC AWS,-19.2774,147.0586
99218,32194,COWLEY BEACH (DEFENCE),-17.6905,146.1126
94272,32195,MOUNT STUART (DEFENCE),-19.4082,146.762
94271,32196,TOWNSVILLE- AIR WEAPONS RANGE (DEFENCE),-19.3048,146.2438
94280,32197,INNISFAIL AERODROME,-17.5581,146.0119
95295,33002,AYR DPI RESEARCH STN,-19.6169,147.3758
94360,33013,COLLINSVILLE POST OFFICE,-20.5533,147.8464
95367,33045,MACKAY AERO,-21.1706,149.1794
,33065,ST LAWRENCE POST OFFICE,-22.3458,149.5356
94368,33106,HAMILTON ISLAND AIRPORT,-20.3658,148.9536
94367,33119,MACKAY M.O,-21.1172,149.2169
95370,33195,WILLIAMSON,-22.4703,150.1786
95298,33208,ROSSLYN BAY NTC AWS,-23.161,150.7901
95369,33210,ST LAWRENCE,-22.3472,149.5242
94365,33247,PROSERPINE AIRPORT,-20.4925,148.555
94373,33294,YEPPOON THE ESPLANADE,-23.1364,150.7506
95296,33295,ALVA BEACH,-19.4569,147.4833
95293,33307,WOOLSHED,-19.4168,146.5362
94370,33308,SAMUEL HILL AERO,-22.7433,150.6578
99367,33317,HAY POINT,-21.2894,149.3008
94383,33327,BOWEN AIRPORT AWS,-20.0153,148.2138
94273,33328,TOWNSVILLE- FANNING RIVER (DEFENCE),-19.783,146.5
94352,33329,OORALEA RACECOURSE (MACKAY TURF CLUB),-21.17,149.1515
94397,34035,MORANBAH AIRPORT,-22.0644,148.0758
94356,34084,CHARTERS TOWERS AIRPORT,-20.0464,146.2708
,35019,CLERMONT POST OFFICE,-22.825,147.6408
95362,35065,SPRINGSURE COMET ST,-24.123,148.0856
94355,35069,TAMBO POST OFFICE,-24.8819,146.2564
94525,35070,TAROOM POST OFFICE,-25.6408,149.7958
94395,35124,CLERMONT AIRPORT,-22.7756,147.6217
94396,35129,ROLLESTON AIRPORT,-24.4617,148.6264
94398,35134,BLACKWATER AIRPORT,-23.6015,148.8074
94399,35139,LOCHINGTON,-23.9424,147.525
94363,35264,EMERALD AIRPORT,-23.5694,148.1756
94350,36007,BARCALDINE POST OFFICE,-23.5544,145.2883
94345,36026,ISISFORD POST OFFICE,-24.2591,144.4406
94346,36031,LONGREACH AERO,-23.4397,144.2828
95351,36034,BLACKALL AIRPORT,-24.4303,145.4306
,36134,MOORLANDS,-24.3972,145.0694
94255,37010,CAMOOWEAL TOWNSHIP,-19.9225,138.1214
94336,37034,THE MONUMENT AIRPORT,-21.8125,139.9267
94338,37036,TREPELL AIRPORT,-21.84,140.8925
94342,37039,WINTON AIRPORT,-22.3617,143.0836
,37043,URANDANGI,-21.6119,138.3136
94347,37053,CARTERS BORE,-20.9358,139.2964
94344,37058,URANDANGI AERODROME,-21.5979,138.3665
94349,37059,NEW MAY DOWNS,-20.59,139.3411
94334,38000,BEDOURIE,-24.3597,139.4714
94333,38003,BOULIA AIRPORT,-22.9117,139.9039
,38024,WINDORAH EVAP,-25.4197,142.6594
95482,38026,BIRDSVILLE AIRPORT,-25.8975,139.3472
94489,38076,WINDORAH AIRPORT,-25.4117,142.6647
94388,39059,LADY ELLIOT ISLAND,-24.1116,152.7161
95543,39066,GAYNDAH AIRPORT,-25.6167,151.6156
94374,39083,ROCKHAMPTON AERO,-23.3753,150.4775
94390,39085,SANDY CAPE LIGHTHOUSE,-24.7297,153.2083
94376,39089,THANGOOL AIRPORT,-24.4935,150.5709
94377,39104,MONTO TOWNSHIP,-24.8642,151.1247
94386,39122,HERON ISLAND RES STN,-23.4417,151.9125
94380,39123,GLADSTONE RADAR,-23.8553,151.2628
94387,39128,BUNDABERG AERO,-24.9069,152.323
94384,39314,SEVENTEEN SEVENTY,-24.1568,151.8889
94378,39322,RUNDLE ISLAND,-23.5322,151.2771
94381,39326,GLADSTONE AIRPORT,-23.8697,151.2214
94568,40004,AMBERLEY AMO,-27.6297,152.7111
94594,40043,CAPE MORETON LIGHTHOUSE,-27.0314,153.4661
94584,40068,DOUBLE ISLAND POINT LIGHTHOUSE,-25.9319,153.1906
94562,40082,UNIVERSITY OF QUEENSLAND GATTON,-27.5436,152.3375
94566,40093,GYMPIE,-26.1831,152.6414
94547,40121,MALENY TAMARIND ST,-26.7528,152.8519
94567,40126,MARYBOROUGH,-25.5132,152.7152
94593,40209,POINT LOOKOUT,-27.4361,153.5456
94575,40211,ARCHERFIELD AIRPORT,-27.5716,153.0071
95566,40284,BEERBURRUM FOREST STATION,-26.9586,152.9619
95565,40405,HERVEY BAY AIRPORT,-25.322,152.8817
,40428,BRIAN PASTURES,-25.655,151.745
94558,40555,TOOLARA (KELLY),-25.9713,152.8609
,40584,HINZE DAM,-28.0481,153.2875
94557,40651,JIMNA FORESTRY,-26.6644,152.4606
94592,40717,COOLANGATTA,-28.1681,153.5053
94580,40764,GOLD COAST SEAWAY,-27.939,153.4283
94578,40842,BRISBANE AERO,-27.3917,153.1292
95581,40854,LOGAN CITY WATER TREATMENT PLANT,-27.6839,153.1947
94564,40856,RAINBOW BEACH,-25.9007,153.0891
94569,40861,SUNSHINE COAST AIRPORT,-26.599,153.0912
94570,40908,TEWANTIN RSL PARK,-26.3911,153.0403
94576,40913,BRISBANE,-27.4808,153.0389
94549,40922,KINGAROY AIRPORT,-26.5737,151.8398
94591,40925,BANANA BANK NORTH BEACON,-27.5327,153.3333
94590,40926,INNER RECIPROCAL MARKER,-27.2633,153.2419
94581,40927,SPITFIRE CHANNEL BEACON,-27.0481,153.2664
95591,40958,REDCLIFFE,-27.2169,153.0922
95592,40959,REDCLIFFE JETTY,-27.2261,153.1172
95575,40983,BEAUDESERT DRUMLEY STREET,-27.9707,152.9898
95572,40988,NAMBOUR DAFF - HILLSIDE,-26.6442,152.9383
95573,41097,INGLEWOOD FOREST,-28.3429,150.9363
94550,41095,STANTHORPE LESLIE PARADE,-28.6617,151.9339
95533,41100,TEXAS POST OFFICE,-28.8544,151.1681
94553,41175,APPLETHORPE,-28.6217,151.9533
94552,41359,OAKEY AERO,-27.4034,151.7413
94530,41521,GOONDIWINDI AIRPORT,-28.5211,150.3256
94542,41522,DALBY AIRPORT,-27.1605,151.2633
94555,41525,WARWICK,-28.2061,152.1003
95551,41529,TOOWOOMBA AIRPORT,-27.5425,151.9134
99468,41560,GOONDIWINDI AIRPORT,-28.5226,150.3223
95529,42112,MILES CONSTANCE STREET,-26.6569,150.1819
94511,43015,INJUNE POST OFFICE,-25.8428,148.5669
94514,43020,MITCHELL POST OFFICE,-26.4888,147.9777
94521,43035,SURAT,-27.1591,149.0702
94515,43091,ROMA AIRPORT,-26.5477,148.771
94517,43109,ST GEORGE AIRPORT,-28.0478,148.5957
94513,44010,BOLLON MARY ST,-28.0331,147.4795
94510,44021,CHARLEVILLE AERO,-26.4139,146.2558
94500,44026,CUNNAMULLA POST OFFICE,-28.0689,145.6822
95487,45009,BALLERA GAS FIELD,-27.4008,141.8114
94494,45015,QUILPIE AIRPORT,-26.6125,144.2578
95492,45025,THARGOMINDAH AIRPORT,-27.9867,143.815
99488,45068,JACKSON AIRSERVICES AUSTRALIA,-27.578,142.3792
95695,46012,WILCANNIA AERODROME AWS,-31.5194,143.385
94485,46037,TIBOOBURRA POST OFFICE,-29.4362,142.0097
94695,46043,WILCANNIA (REID ST),-31.5631,143.3747
95485,46126,TIBOOBURRA AIRPORT,-29.4448,142.0567
94686,46128,FOWLERS GAP AWS,-31.0863,141.7008
95699,46129,WHITE CLIFFS AWS,-30.8522,143.0743
94407,46136,BORRONA DOWNS AWS,-29.7614,143.1135
99785,46137,BOULLIA,-30.0708,141.8795
99781,46138,CAWNALMURTEE,-30.5807,143.3528
99778,46139,GRASMERE,-31.4198,142.6258
99780,46140,MT JACK,-30.8693,143.7085
99779,46141,MOUNT WOOWOOLARAH,-31.2554,141.2389
94796,46142,SMITHVILLE AWS,-30.0692,141.0067
99782,46143,WESTWOOD DOWNS,-30.496,141.3335
99437,46144,WINNATHEE,-29.751,141.1105
94689,47007,BROKEN HILL (PATTON STREET),-31.9759,141.4676
94692,47016,LAKE VICTORIA STORAGE,-34.0438,141.2676
94694,47019,MENINDEE POST OFFICE,-32.3937,142.4173
95692,47029,POONCARIE MAIL AGENCY,-33.3856,142.5696
94691,47048,BROKEN HILL AIRPORT AWS,-32.0012,141.4694
,47053,WENTWORTH POST OFFICE,-34.1065,141.9189
99774,47108,BURNDOO,-32.0679,143.65
99769,47109,INKERMAN,-31.9772,142.153
99775,47110,NELIA GAARI,-32.0079,142.8181
99770,47111,NULLA,-33.8218,141.3592
99771,47112,OVERNEWTON,-32.9416,143.5386
94797,47113,MULURULU AWS,-33.3392,143.4
99773,47114,TANDOU,-32.7107,142.1115
95512,48015,BREWARRINA HOSPITAL,-29.9614,146.8651
94711,48027,COBAR MO,-31.484,145.8294
95520,48031,COLLARENEBRI (ALBERT ST),-29.5406,148.5817
94497,48079,WANAARING POST OFFICE,-29.7029,144.1484
,48194,DELTA,-30.0843,145.2884
94710,48237,COBAR AIRPORT AWS,-31.5388,145.7964
94498,48243,LIGHTNING RIDGE VISITOR INFORMATION CENTRE,-29.431,147.9722
94703,48245,BOURKE AIRPORT AWS,-30.0362,145.9521
99439,48246,BURRAWANTIE,-29.1544,145.4066
95681,48247,DELTA AWS,-30.1006,145.3338
99436,48248,GUMBOOKA,-29.7859,146.2857
99784,48249,KNIGHTVALE,-30.4864,146.3283
94798,48250,NOONA AWS,-31.7267,144.9313
95697,49000,IVANHOE AERODROME AWS,-32.8833,144.3092
94696,49002,BALRANALD (RSL),-34.6398,143.561
,49019,IVANHOE POST OFFICE,-32.8999,144.2995
99776,49135,KILLALA,-31.9945,145.9736
95682,49136,MOUNT HOPE AWS,-32.8261,145.8801
99772,49137,WAIKO,-32.8323,144.4645
95709,50017,WEST WYALONG AIRPORT AWS,-33.9382,147.1962
94721,50031,PEAK HILL POST OFFICE,-32.7235,148.1902
95708,50137,CONDOBOLIN AIRPORT AWS,-33.0682,147.2133
94708,51039,NYNGAN AIRPORT,-31.5495,147.1961
95710,51049,TRANGIE RESEARCH STATION AWS,-31.9861,147.9489
,51058,BREWON,-30.2,147.5
95718,51161,COONAMBLE AIRPORT AWS,-30.9776,148.3798
94793,51162,BREWON AWS,-30.2411,147.5327
99783,51163,KEVELINE,-30.4934,147.9422
94794,51164,GIRILAMBONE (OKEH) AWS,-31.0824,146.9296
94520,52020,MUNGINDI POST OFFICE,-28.9786,148.9899
99438,52057,CRINOLYN,-29.2403,149.1265
95715,52088,WALGETT AIRPORT AWS,-30.0372,148.1223
,53002,BARADINE FORESTRY,-30.9469,149.0654
,53030,NARRABRI WEST POST OFFICE,-30.3401,149.7552
95527,53115,MOREE AERO,-29.4898,149.8471
94761,54003,BARRABA (CLIFTON LANE),-30.3833,150.6083
95734,54038,NARRABRI AIRPORT AWS,-30.3154,149.8302
94544,54104,PINDARI DAM,-29.3899,151.2448
,55023,GUNNEDAH POOL,-30.9841,150.254
94740,55024,GUNNEDAH RESOURCE CENTRE,-31.0261,150.2687
95746,55049,QUIRINDI POST OFFICE,-31.5086,150.6793
94792,55136,WOOLBROOK (WOOLBROOK ROAD),-30.9651,151.3505
95740,55202,GUNNEDAH AIRPORT AWS,-30.9537,150.2494
95762,55325,TAMWORTH AIRPORT AWS,-31.0742,150.8362
94585,56013,GLEN INNES AG RESEARCH STN,-29.6952,151.6935
94541,56018,INVERELL RESEARCH CENTRE,-29.7752,151.082
94556,56032,TENTERFIELD (FEDERATION PARK),-29.0479,152.0172
94773,56037,ARMIDALE (TREE GROUP NURSERY),-30.5243,151.6716
94772,56229,GUYRA HOSPITAL,-30.2122,151.6794
95773,56238,ARMIDALE AIRPORT AWS,-30.5273,151.6158
95541,56242,INVERELL (RAGLAN ST),-29.7796,151.1121
94588,56243,GLEN INNES AIRPORT AWS,-29.678,151.694
94587,57095,TABULAM (MUIRNE),-28.7551,152.4507
94589,58012,YAMBA PILOT STATION,-29.4325,153.3632
,58056,TWEED HEADS GOLF CLUB,-28.2025,153.5502
95571,58077,GRAFTON RESEARCH STN,-29.6224,152.9605
,58130,GRAFTON OLYMPIC POOL,-29.6823,152.9278
94582,58158,MURWILLUMBAH (BRAY PARK),-28.3395,153.3809
95570,58161,GRAFTON AIRPORT AWS,-29.7583,153.0297
94596,58198,BALLINA AIRPORT AWS,-28.8353,153.5585
94573,58208,CASINO AIRPORT AWS,-28.8824,153.0618
94598,58212,EVANS HEAD RAAF BOMBING RANGE AWS,-29.183,153.3964
94572,58214,LISMORE AIRPORT AWS,-28.8305,153.2601
94599,58216,CAPE BYRON AWS,-28.6399,153.6358
,58221,LISMORE (RICHMOND HILL),-28.7853,153.3409
94785,59007,KEMPSEY AIRPORT AWS,-31.0711,152.7717
,59017,KEMPSEY (WIDE STREET),-31.077,152.8235
94790,59030,SMOKY CAPE LIGHTHOUSE,-30.9225,153.0871
94791,59040,COFFS HARBOUR MO,-30.3107,153.1187
94789,59140,DORRIGO (OLD CORAMBA RD),-30.3444,152.7187
95729,59151,COFFS HARBOUR AIRPORT,-30.3189,153.1162
95778,60013,FORSTER - TUNCURRY MARINE RESCUE,-32.1756,152.5089
94783,60085,YARRAS (MOUNT SEAVIEW),-31.3865,152.2482
94786,60139,PORT MACQUARIE AIRPORT AWS (COMPARISON),-31.4335,152.8655
95784,60141,TAREE AIRPORT AWS,-31.8895,152.512
94799,60168,PORT MACQUARIE AIRPORT AWS,-31.4343,152.8662
94756,61051,MURRURUNDI POST OFFICE,-31.7651,150.8363
95779,61054,NELSON BAY (NELSON HEAD),-32.7103,152.1612
94774,61055,NEWCASTLE NOBBYS SIGNAL STATION AWS,-32.9184,151.7985
,61074,THE ENTRANCE (ELOORA STREET),-33.3531,151.4964
94776,61078,WILLIAMTOWN RAAF,-32.7939,151.8364
94777,61087,GOSFORD (NARARA RESEARCH STATION) AWS,-33.3949,151.3289
94738,61089,SCONE SCS,-32.0632,150.9271
94775,61250,TOCAL AWS,-32.6296,151.5919
95771,61260,CESSNOCK AIRPORT AWS,-32.7914,151.3369
95754,61287,MERRIWA (ROSCOMMON),-32.1852,150.1737
95772,61288,LOSTOCK DAM,-32.3322,151.4595
,61322,TORONTO WWTP,-33.0025,151.5794
,61351,PEATS RIDGE (WARATAH ROAD),-33.3102,151.2445
95758,61363,SCONE AIRPORT AWS,-32.0335,150.8264
95770,61366,NORAH HEAD AWS,-33.2814,151.5766
95774,61375,MANGROVE MOUNTAIN AWS,-33.2894,151.2107
95775,61388,MAITLAND VISITORS CENTRE,-32.7422,151.5668
95747,61392,MURRURUNDI GAP AWS,-31.7416,150.7937
94733,61397,SINGLETON STP,-32.5902,151.1743
95767,61412,LAKE MACQUARIE AWS,-33.0887,151.4636
94782,61425,GOSFORD AWS,-33.4351,151.3614
94650,61428,MAITLAND AIRPORT AWS,-32.7023,151.4881
99750,61429,WILLIAMTOWN RAAF COMPARISON,-32.7938,151.8364
99738,61430,SINGLETON DEFENCE AWS,-32.6976,151.1564
94758,61431,MURRURUNDI (HAYDON STREET),-31.7678,150.8418
94732,62013,GULGONG POST OFFICE,-32.3634,149.5329
94754,62100,NULLO MOUNTAIN AWS,-32.7244,150.229
94727,62101,MUDGEE AIRPORT AWS,-32.5628,149.6149
94730,63005,BATHURST AGRICULTURAL STATION,-33.4288,149.5559
94744,63039,KATOOMBA (FARNELLS RD),-33.7139,150.2953
95735,63063,OBERON (ALBION ST),-33.6993,149.867
95744,63077,SPRINGWOOD (VALLEY HEIGHTS),-33.7065,150.5848
94741,63226,LITHGOW (COOERWULL),-33.4769,150.1303
95725,63254,ORANGE AGRICULTURAL INSTITUTE,-33.3211,149.0828
94729,63291,BATHURST AIRPORT AWS,-33.4119,149.654
94743,63292,MOUNT BOYCE AWS,-33.6185,150.2741
,63294,BLAYNEY (ORANGE ROAD),-33.5284,149.2454
95726,63303,ORANGE AIRPORT AWS,-33.3768,149.1263
95686,63308,MARRANGAROO (DEFENCE),-33.4346,150.135
94728,64008,COONABARABRAN (SHOWGROUNDS),-31.2786,149.2786
95727,64009,DUNEDOO POST OFFICE,-32.0165,149.3956
95728,64017,COONABARABRAN AIRPORT AWS,-31.333,149.2699
94723,65034,WELLINGTON (D&J RURAL),-32.5635,148.9503
95717,65068,PARKES AIRPORT AWS,-33.1281,148.2428
95719,65070,DUBBO AIRPORT AWS,-32.2206,148.5753
94715,65103,FORBES AIRPORT AWS,-33.3627,147.9205
95721,65111,COWRA AIRPORT AWS,-33.8382,148.654
94769,66022,FORT DENISON,-33.8551,151.2254
95757,66023,LUCAS HEIGHTS AWS,-34.0514,150.98
94767,66037,SYDNEY AIRPORT AMO,-33.9465,151.1731
95756,66043,KURNELL AWS,-34.0039,151.2111
94780,66051,LITTLE BAY (THE COAST GOLF CLUB),-33.9829,151.2502
94759,66059,TERREY HILLS AWS,-33.6908,151.2253
,66062,SYDNEY (OBSERVATORY HILL),-33.8607,151.205
99766,66100,MOLINEUX POINT AWS,-33.9819,151.2092
94764,66124,PARRAMATTA NORTH (MASONS DRIVE),-33.7917,151.0181
95764,66131,RIVERVIEW OBSERVATORY,-33.8258,151.1556
94765,66137,BANKSTOWN AIRPORT AWS,-33.9176,150.9837
95761,66161,HOLSWORTHY AERODROME AWS,-33.9925,150.9489
94766,66194,CANTERBURY RACECOURSE AWS,-33.9057,151.1134
95765,66195,SYDNEY OLYMPIC PK AWS,-33.8521,151.0646
95766,66196,WEDDING CAKE WEST,-33.8405,151.2643
95768,66197,NORTH HEAD,-33.8152,151.2986
95752,66208,WATTAMOLLA AWS,-34.1407,151.1185
95765,66212,SYDNEY OLYMPIC PARK AWS (ARCHERY CENTRE),-33.8338,151.0718
94768,66214,SYDNEY (OBSERVATORY HILL),-33.8593,151.2048
94736,67019,PROSPECT RESERVOIR,-33.8193,150.9127
95753,67105,RICHMOND RAAF,-33.6004,150.7761
94752,67108,BADGERYS CREEK AWS,-33.8969,150.7281
94763,67113,PENRITH LAKES AWS,-33.7195,150.6783
94762,67117,HOLSWORTHY CONTROL RANGE,-33.9795,150.9254
94760,67119,HORSLEY PARK EQUESTRIAN CENTRE AWS,-33.851,150.8567
94750,68072,NOWRA RAN AIR STATION AWS,-34.9469,150.5353
94747,68102,BOWRAL (PARRY DRIVE),-34.4869,150.4019
95940,68151,POINT PERPENDICULAR AWS,-35.0936,150.8049
94755,68192,CAMDEN AIRPORT AWS,-34.039,150.689
94749,68228,BELLAMBI AWS,-34.3691,150.9291
99745,68236,NOWRA RAN AIR STATION (NORTH ANEMOMETER),-34.9369,150.5479
94746,68239,MOSS VALE AWS,-34.5253,150.4217
95748,68241,SHELLHARBOUR AIRPORT,-34.5639,150.7924
95749,68242,KIAMA (BOMBO HEADLAND),-34.6532,150.8609
95745,68253,PORT KEMBLA NTC AWS,-34.4734,150.9118
94757,68257,CAMPBELLTOWN (MOUNT ANNAN),-34.0615,150.7735
99747,68258,NOWRA RAN AIR STATION (WEST ANEMOMETER),-34.9497,150.5296
99744,68259,NOWRA RAN AIR STATION (EAST ANEMOMETER),-34.9508,150.5444
99746,68260,NOWRA RAN AIR STATION (PTS ANEMOMETER),-34.9606,150.5249
99742,68262,HIGH RANGE AWS (WANGANDERRY),-34.3335,150.267
95684,68263,HOLSWORTHY DEFENCE AWS,-34.081,150.9009
94751,68264,JERVIS BAY AIRFIELD AWS,-35.144,150.6974
94939,69017,MONTAGUE ISLAND LIGHTHOUSE,-36.2519,150.2275
94937,69018,MORUYA HEADS PILOT STATION,-35.9093,150.1532
95935,69022,NAROOMA (MARINE RESCUE),-36.2144,150.1358
94943,69128,NERRIGA AWS,-35.1103,150.0826
94927,69132,BRAIDWOOD RACECOURSE AWS,-35.4253,149.7835
94941,69134,BATEMANS BAY (CATALINA COUNTRY CLUB),-35.7234,150.1872
94934,69137,GREEN CAPE AWS,-37.2622,150.0504
94938,69138,ULLADULLA AWS,-35.3635,150.4828
95931,69139,BEGA AWS,-36.6722,149.8191
95929,69147,MERIMBULA AIRPORT AWS,-36.9077,149.8989
95937,69148,MORUYA AIRPORT AWS,-35.9004,150.1437
94735,70080,TARALGA POST OFFICE,-34.4048,149.8197
94921,70217,COOMA AIRPORT AWS,-36.2939,148.9725
94716,70263,GOULBURN TAFE,-34.7495,149.7034
94923,70278,COOMA VISITORS CENTRE,-36.2318,149.1243
94929,70328,BOMBALA AWS,-37.0016,149.2336
95716,70330,GOULBURN AIRPORT AWS,-34.8085,149.7311
94925,70339,TUGGERANONG (ISABELLA PLAINS) AWS,-35.4184,149.0937
95925,70349,MOUNT GININI AWS,-35.5293,148.7721
94926,70351,CANBERRA AIRPORT,-35.3088,149.2004
95723,70358,YASS (RURAL FIRE SERVICE),-34.8225,148.908
99880,70365,CANBERRA AIRPORT (SECONDARY),-35.309,149.2002
,71003,CHARLOTTE PASS (KOSCIUSKO CHALET),-36.4335,148.3327
95909,71032,THREDBO AWS,-36.4917,148.2859
94915,71075,PERISHER VALLEY AWS,-36.4069,148.4055
94901,72023,HUME RESERVOIR,-36.1039,147.0329
94918,72043,TUMBARUMBA POST OFFICE,-35.778,148.0122
94910,72150,WAGGA WAGGA AMO,-35.1583,147.4575
95896,72160,ALBURY AIRPORT AWS,-36.069,146.9509
95916,72161,CABRAMURRA SMHEA AWS,-35.9371,148.3779
94919,72162,KHANCOBAN AWS,-36.2304,148.1405
94909,73007,BURRINJUCK DAM,-34.9997,148.5984
94725,73014,GRENFELL (MANGANESE RD),-33.8934,148.1523
94704,73032,QUANDIALLA POST OFFICE,-34.0112,147.7937
94712,73138,YOUNG AIRPORT,-34.2493,148.2475
94714,73142,COOTAMUNDRA AIRPORT,-34.6299,148.0365
95722,73151,TEMORA AIRPORT,-34.4277,147.5117
95895,74034,COROWA AIRPORT,-35.9887,146.3574
95705,74037,YANCO AGRICULTURAL INSTITUTE,-34.6222,146.4326
94877,74106,TOCUMWAL AIRPORT,-35.817,145.6004
95706,74148,NARRANDERA AIRPORT AWS,-34.705,146.514
94706,74221,NARRANDERA GOLF CLUB,-34.7325,146.5592
95869,74258,DENILIQUIN AIRPORT AWS,-35.5575,144.9458
94944,74272,KAPOOKA (DEFENCE),-35.1327,147.2512
94702,75019,HAY AIRPORT AWS,-34.5412,144.8345
94698,75031,HAY (MILLER STREET),-34.5194,144.8545
94700,75032,HILLSTON AIRPORT,-33.4915,145.5248
95707,75039,LAKE CARGELLIGO AIRPORT,-33.2832,146.3706
95704,75041,GRIFFITH AIRPORT AWS,-34.2487,146.0695
94693,76031,MILDURA AIRPORT,-34.2358,142.0867
94831,76047,OUYEN (POST OFFICE),-35.0681,142.3125
95831,76064,WALPEUP RESEARCH,-35.1201,142.004
94838,77010,HOPETOUN AIRPORT,-35.7151,142.3569
99893,77011,WAGON FLAT,-35.8726,141.3884
94843,77094,SWAN HILL AERODROME,-35.3766,143.5416
,78013,GERANG GERUNG,-36.3986,141.8797
94827,78015,NHILL AERODROME,-36.3093,141.6486
94920,78018,WARRACKNABEAL AIRPORT,-36.3204,142.4161
94841,78077,WARRACKNABEAL MUSEUM,-36.2614,142.405
,79016,WARRANOOKE (GLENORCHY),-36.7281,142.7303
95835,79028,LONGERENONG,-36.6722,142.2991
95827,79097,KANAGULK,-37.1169,141.8031
95832,79099,EDENHOPE AIRPORT,-37.0222,141.2657
95839,79100,HORSHAM AERODROME,-36.6699,142.1733
94835,79101,BEN NEVIS,-37.2281,143.2005
99890,79102,WARRANOOKE (GLENORCHY) COMPARISON,-36.7259,142.7294
94833,79103,MOUNT WILLIAM,-37.295,142.6039
94836,79105,STAWELL AERODROME,-37.072,142.7402
,79107,BOOROOPKI,-36.8128,141.2592
94861,80015,ECHUCA AERODROME,-36.1648,144.7643
94844,80023,KERANG,-35.7236,143.9196
95833,80091,KYABRAM,-36.335,145.0638
94839,80128,CHARLTON,-36.2846,143.3341
95836,81049,TATURA INST SUSTAINABLE AG,-36.4379,145.2673
94855,81123,BENDIGO AIRPORT,-36.7411,144.3274
94862,81124,YARRAWONGA,-36.0294,146.0305
94875,81125,SHEPPARTON AIRPORT,-36.4288,145.3949
95837,82039,RUTHERGLEN RESEARCH,-36.1048,146.5094
95843,82042,STRATHBOGIE,-36.8472,145.7307
94888,82076,DARTMOUTH RESERVOIR,-36.5352,147.4984
94889,82138,WANGARATTA AERO,-36.4205,146.3056
94878,82139,HUNTERS HILL,-36.2137,147.5395
94899,82169,CORRYONG AIRPORT,-36.1826,147.8942
94884,82170,BENALLA AIRPORT,-36.5522,145.9977
94894,83024,MOUNT BULLER,-37.145,146.4394
94905,83055,MOUNT HOTHAM AIRPORT,-37.0491,147.3347
95838,83083,EDI UPPER,-36.7396,146.4671
94903,83084,FALLS CREEK,-36.8708,147.2755
94906,83085,MOUNT HOTHAM,-36.9772,147.1342
94908,83090,OMEO,-37.1017,147.6008
94933,84016,GABO ISLAND LIGHTHOUSE,-37.5679,149.9158
94932,84070,POINT HICKS (LIGHTHOUSE),-37.8017,149.2747
94935,84084,MALLACOOTA,-37.5976,149.7289
94913,84142,GELANTIPY,-37.22,148.2626
94914,84143,COMBIENBAR AWS,-37.3416,149.0227
94930,84144,MOUNT NOWA NOWA,-37.6924,148.0908
95918,84145,ORBOST,-37.6922,148.4667
95904,84150,LAKES ENTRANCE (EASTERN BEACH ROAD),-37.8717,148.006
94907,85072,EAST SALE,-38.1156,147.1323
94893,85096,WILSONS PROMONTORY LIGHTHOUSE,-39.1297,146.4246
94886,85099,POUND CREEK,-38.6297,145.8107
95890,85151,YARRAM AIRPORT,-38.5647,146.7479
,85277,NOOJEE (SLIVAR),-37.9039,145.9719
94912,85279,BAIRNSDALE AIRPORT,-37.8818,147.5669
94891,85280,LATROBE VALLEY AIRPORT,-38.2094,146.4746
94900,85283,BLUE ROCK RESERVOIR,-38.0809,146.2139
95901,85291,MOUNT BAW BAW,-37.8384,146.2747
95913,85296,MOUNT MOORNAPA,-37.7481,147.1428
94911,85301,YANAKIE,-38.8051,146.1936
99806,85313,NILMA NORTH (WARRAGUL),-38.1321,145.9865
95907,85314,EAST SALE AIRPORT,-38.1016,147.1398
95866,86038,ESSENDON AIRPORT,-37.7276,144.9066
95874,86068,VIEWBANK,-37.7408,145.0972
94868,86071,MELBOURNE REGIONAL OFFICE,-37.8075,144.97
94870,86077,MOORABBIN AIRPORT,-37.98,145.0962
,86079,MORNINGTON,-38.2358,145.0667
95867,86104,SCORESBY RESEARCH INSTITUTE,-37.871,145.2561
95881,86127,WONTHAGGI,-38.6078,145.5965
95864,86220,ST KILDA HARBOUR - RMYS,-37.864,144.9639
94872,86266,FERNY CREEK,-37.8748,145.3497
94866,86282,MELBOURNE AIRPORT,-37.6654,144.8322
94869,86320,COLDSTREAM COMPARISON,-37.7239,145.4092
95936,86338,MELBOURNE (OLYMPIC PARK),-37.8255,144.9816
94853,86344,SOUTH CHANNEL ISLAND,-38.3065,144.8016
95873,86351,LATROBE UNIVERSITY,-37.7163,145.0453
94867,86352,GLENLITTA AVE NORTH EAST,-37.6898,144.9479
94883,86354,PHILLIP ISLAND PENGUIN RESERVE,-38.5058,145.1503
94898,86361,CERBERUS,-38.3646,145.1785
94871,86371,FRANKSTON BEACH,-38.148,145.1152
95880,86372,DUNNS HILL,-37.8775,145.3364
94892,86373,RHYLL,-38.4612,145.3101
94879,86375,CRANBOURNE BOTANIC GARDENS,-38.1348,145.2636
95872,86376,FAWKNER BEACON,-37.9483,144.9269
94864,86383,COLDSTREAM,-37.7239,145.4092
94876,86388,FRANKSTON (BALLAM PARK),-38.1517,145.1615
99872,86392,GLENLITTA AVE SOUTH WEST,-37.6907,144.9471
,86395,MELBOURNE AIRPORT (NORTH ANEMOMETER),-37.6577,144.8333
,86396,MELBOURNE AIRPORT (SOUTH ANEMOMETER),-37.6832,144.8383
,86397,MELBOURNE AIRPORT (EAST ANEMOMETER),-37.6602,144.8443
,86398,MELBOURNE AIRPORT (WEST ANEMOMETER),-37.6624,144.8193
94865,87031,LAVERTON RAAF,-37.8565,144.7565
94854,87113,AVALON AIRPORT,-38.0288,144.4783
94857,87163,GEELONG AIRPORT,-38.2241,144.3345
94847,87166,POINT WILSON,-38.0958,144.5361
94863,87168,SHE OAKS,-37.9075,144.1303
94857,87184,GEELONG RACECOURSE,-38.1737,144.3765
95941,87185,POINT COOK RAAF,-37.9273,144.7566
94882,88023,LAKE EILDON,-37.2313,145.9124
94849,88043,MARYBOROUGH,-37.056,143.732
94859,88051,REDESDALE,-37.0194,144.5203
94874,88109,MANGALORE AIRPORT,-36.8886,145.1859
95853,88110,CASTLEMAINE PRISON,-37.0809,144.2391
94860,88162,KILMORE GAP,-37.3807,144.9654
94881,88164,EILDON FIRE TOWER,-37.2091,145.8423
94856,88166,PUCKAPUNYAL WEST (DEFENCE),-37.0177,144.8546
94858,88167,PUCKAPUNYAL LYON HILL (DEFENCE),-36.9381,145.0539
94852,89002,BALLARAT AERODROME,-37.5127,143.7911
94834,89085,ARARAT PRISON,-37.2769,142.9786
95840,89112,WESTMERE,-37.7067,142.9378
94842,90015,CAPE OTWAY LIGHTHOUSE,-38.8557,143.513
95845,90035,MOUNT GELLIBRAND,-38.2332,143.7924
94828,90171,CASHMORE AIRPORT,-38.3148,141.4705
94829,90173,HAMILTON AIRPORT,-37.6486,142.0636
94830,90175,PORT FAIRY AWS,-38.3906,142.2347
94840,90176,MORTLAKE RACECOURSE,-38.0737,142.7744
94846,90180,AIREYS INLET,-38.4583,144.0883
95825,90182,CASTERTON,-37.5831,141.334
94826,90184,CAPE NELSON LIGHTHOUSE,-38.4306,141.5437
94837,90186,WARRNAMBOOL AIRPORT NDB,-38.2869,142.4525
95826,90192,PORTLAND NTC AWS,-38.3439,141.6136
95822,90194,DARTMOOR,-37.9222,141.2614
94958,91009,BURNIE (ROUND HILL),-41.0661,145.9431
95957,91107,WYNYARD AIRPORT,-40.9964,145.7311
95960,91126,DEVONPORT AIRPORT,-41.1701,146.4289
94972,91219,SCOTTSDALE (WEST MINSTONE ROAD),-41.1708,147.4883
94950,91223,MARRAWAH,-40.9089,144.7094
94969,91237,LAUNCESTON (TI TREE BEND),-41.4194,147.1219
94954,91245,CAPE GRIM BAPS (COMPARISON),-40.6828,144.69
95956,91259,LUNCHEON HILL (FORESTRY),-41.1492,145.1517
,91284,BRIDPORT (SEA VIEW VILLAS),-41.0025,147.3869
94955,91291,SHEFFIELD SCHOOL FARM,-41.389,146.3173
94953,91292,SMITHTON AERODROME,-40.8347,145.0847
95964,91293,LOW HEAD,-41.0547,146.7874
95969,91306,CRESSY RESEARCH STATION,-41.7256,147.0794
95966,91311,LAUNCESTON AIRPORT,-41.5476,147.2156
95954,91331,CAPE GRIM,-40.6764,144.6922
95963,91344,BURNIE NTC AWS,-41.05,145.9149
95970,91375,CRESSY (BRUMBYS CREEK),-41.7114,147.082
95989,92003,BICHENO (COUNCIL DEPOT),-41.8739,148.3036
95974,92012,FINGAL (LEGGE STREET),-41.6428,147.9664
94979,92019,LAKE LEAKE (ELIZABETH RIVER),-42.0067,147.7975
95984,92027,ORFORD (AUBIN COURT),-42.5519,147.8753
94983,92045,LARAPUNA (EDDYSTONE POINT),-40.9928,148.3467
94987,92114,FRIENDLY BEACHES,-41.9953,148.2794
95981,92120,ST HELENS AERODROME,-41.3381,148.2792
95985,92123,SWAN ISLAND,-40.7292,148.125
95988,92124,MARIA ISLAND (POINT LESUEUR),-42.6621,148.0179
95987,92133,SPRING BAY NTC AWS,-42.5464,147.9308
94981,92148,SWANSEA (FRANCIS STREET),-42.1381,148.0736
95975,92163,FINGAL (FLEMING ST),-41.643,147.98
94985,93053,ROSS (THE BOULEVARDS),-42.025,147.4953
94975,94008,HOBART AIRPORT WEST,-42.8339,147.5033
94967,94010,CAPE BRUNY LIGHTHOUSE,-43.4892,147.1453
94961,94020,DOVER,-43.333,146.998
94970,94029,HOBART (ELLERSLIE ROAD),-42.8897,147.3278
94962,94041,MAATSUYKER ISLAND LIGHTHOUSE,-43.6578,146.2711
95979,94087,KUNANYI (MOUNT WELLINGTON PINNACLE),-42.895,147.2358
94966,94137,GEEVESTON (CEMETERY ROAD),-43.1647,146.9175
95986,94155,TASMAN ISLAND,-43.2397,148.0025
,94166,BULL BAY (LAURISTON),-43.0903,147.3611
94977,94191,HARTZ MOUNTAIN (KEOGHS PIMPLE),-43.2006,146.7683
94960,94195,TUNNACK FIRE STATION,-42.4543,147.4612
95967,94198,CAPE BRUNY (CAPE BRUNY),-43.4886,147.1444
94971,94201,MELTON MOWBRAY (NORTH STOCKMAN),-42.4928,147.1981
95972,94212,CAMPANIA (KINCORA),-42.6867,147.4258
95977,94220,GROVE (RESEARCH STATION),-42.9844,147.0756
,94244,PORT ARTHUR (STEWARTS BAY),-43.1358,147.8528
94619,94250,HOBART AIRPORT,-42.8333,147.5119
94951,94254,DUNALLEY (STROUD POINT),-42.9017,147.7894
94988,94255,DENNES POINT,-43.0639,147.3567
94964,95003,BUSHY PARK (BUSHY PARK ESTATES),-42.7097,146.8983
94957,95048,OUSE FIRE STATION,-42.4842,146.7106
94963,95063,MAYDENA POST OFFICE,-42.7567,146.6239
94959,96003,BUTLERS GORGE,-42.2753,146.2758
95959,96033,LIAWENEE,-41.8997,146.6694
94976,96071,LAKE ST CLAIR NATIONAL PARK,-42.1178,146.1772
94974,97000,CAPE SORELL,-42.1986,145.17
,97014,WARATAH (MOUNT ROAD),-41.4372,145.5258
95962,97024,WARRA,-43.0609,146.704
95953,97053,STRATHGORDON VILLAGE,-42.7681,146.0461
94956,97072,STRAHAN AERODROME,-42.155,145.2908
95961,97080,LOW ROCKY POINT,-42.9831,145.5025
95958,97083,SCOTTS PEAK DAM,-43.0425,146.2722
95952,97085,MOUNT READ,-41.8444,145.5417
94850,98017,KING ISLAND AIRPORT,-39.8804,143.8857
94980,99005,FLINDERS ISLAND AIRPORT,-40.0911,148.0024
95648,109504,ESPERANCE NTC AWS,-33.8707,121.8971
99826,109521,WITCHCLIFFE WEST,-34.0258,115.0637
94561,140007,REDLAND (ALEXANDRA HILLS),-27.5433,153.2394
94418,140008,CANUNGRA (DEFENCE),-28.0437,153.1871
94419,140009,GREENBANK (DEFENCE),-27.6932,152.9935
94420,140010,TIN CAN BAY (DEFENCE),-25.9351,152.9647
94372,200001,MIDDLE PERCY ISLAND,-21.6628,150.2711
95303,200100,VARANUS ISLAND,-20.655,115.5769
94299,200283,WILLIS ISLAND,-16.2878,149.9652
94394,200601,CATO ISLAND,-23.2503,155.542
94393,200701,FREDERICK REEF,-20.9375,154.4019
94298,200704,MARION REEF,-19.0964,152.3892
94207,200713,ROWLEY SHOALS,-17.5217,118.9531
94122,200731,POINT FAWCETT,-11.7628,130.03
94289,200732,HOLMES REEF,-16.4683,147.8734
94210,200735,ADELE ISLAND,-15.5114,123.1556
94371,200736,CREAL REEF,-20.5303,150.3773
94290,200783,FLINDERS REEF,-17.7195,148.4478
94103,200784,BROWSE ISLAND,-14.1093,123.5476
94147,200786,CAPE WESSEL,-11.0047,136.7586
94379,200831,GANNET CAY,-21.9769,152.4707
94949,200838,HOGAN ISLAND,-39.2225,146.9841
95288,200840,BOUGAINVILLE REEF,-15.4877,147.1183
94284,200879,ARLINGTON REEF,-16.7226,146.1124
94293,200880,LIHOU REEF LIGHTHOUSE,-17.133,152.145
94181,200892,TORRES STRAIT NTC AWS,-10.5865,142.2219
99496,200896,NORTH WEST 10 BEACON,-27,153.242
99497,200897,HOPE BANKS BEACON,-27.4344,153.2904
99762,250069,TIDBINBILLA (PCS),-35.457,148.9351
99763,250070,MULLION (PCS),-35.1066,148.8485
99764,250071,KOWEN FOREST (PCS),-35.3111,149.3162
99765,250072,AFSD - GUDGENBY,-35.7344,148.9756
,400089,SYDNEY DIRECTIONAL,-33.769,151.412
55014,400090,BATEMAN'S BAY,-35.71,150.34
55017,400091,BYRON BAY,-28.87,153.69
55018,400092,COFFS HARBOUR,-30.36,153.27
55019,400093,CROWDY HEAD,-31.81,152.86
55020,400094,EDEN,-37.26,150.19
55022,400095,PORT KEMBLA,-34.47,151.02
55024,400096,SYDNEY,-33.769,151.412
55026,400098,STRAHAN,-42.1992,145.0536
55028,400100,CAIRNS,-16.733,145.717
55029,400101,TOWNSVILLE,-19.167,147.05
55031,400103,MACKAY,-21.033,149.55
55032,400104,HAY POINT,-21.272,149.31
55033,400105,EMU PARK,-23.3,151.067
55035,400107,BRISBANE,-27.5,153.633
55036,400108,GOLD COAST,-27.966,153.442
55037,400109,TWEED HEADS,-28.183,153.583
56004,400113,JURIEN,-30.2953,114.9183
56005,400114,ROTTNEST ISLAND,-32.0986,115.405
56006,400115,CAPE NATURALISTE,-33.5344,114.7619
56008,400118,COTTESLOE,-31.9828,115.69
56009,400119,OAKAJEE RIVER,-28.5906,114.5658
55040,400154,CAPE DU COUEDIC,-36.07,136.62
55052,401328,STRAHAN 2,-42.1992,145.0536
56010,401438,ESPERANCE,-34.001,121.9
56011,401439,ALBANY,-35.1961,117.7247
56012,401440,EXMOUTH,-21.699,114.099
52121,401573,ALBATROSS BAY,-12.683,141.683
55027,401805,NORTH MORETON,-26.9,153.282
55030,401806,MOOLOOLABA,-26.565,153.181
55038,401807,GLADSTONE,-23.896,151.504
56014,402276,MANDURAH,-32.4525,115.5711
55046,402545,BUNDABERG,-24.6718,152.501
55045,402546,CALOUNDRA,-26.8476,153.1557
55047,402634,LAKES ENTRANCE,-37.9151,147.9656
55050,402642,PALM BEACH,-28.0993,153.4846
55051,402643,MACKAY INNER,-21.1014,149.2578
55053,402651,CAPE DU COUEDIC 2,-36.07,136.61
53048,402754,GOODRICH BANK,-10.4154,129.9986
55058,402766,MARIA ISLAND,-42.5249,148.3491
55056,402767,WIDE BAY,-25.7983,153.1667
55057,402768,TWEED OFFSHORE,-28.2126,153.6802
55054,402769,SKARDON RIVER OUTER,-11.7456,141.8368
55055,402770,SKARDON RIVER OFFSHORE,-11.7227,141.7207
55059,402775,CAIRNS DEEPWATER,-16.7427,146.409
55481,402776,BRISBANE OFFSHORE,-27.3927,153.8781
99100,501018,MITCHELL PLATEAU (DPAW),-14.7956,125.8286
99216,502007,KUNUNURRA (DPIRD),-15.6546,128.7092
99206,503016,LOMBADINA AIRSTRIP,-16.5158,122.9214
99200,503621,KOOLAN ISLAND (KOOLAN CENTRAL AIRPORT),-16.1242,123.7364
99311,504045,SHAY GAP,-20.4254,120.1311
99808,504048,PARDOO (DPIRD),-19.9871,119.9528
99366,504066,IRONBRIDGE AIRPORT,-21.2838,118.8811
99737,505049,CHRISTMAS CREEK,-22.3562,119.6497
99309,505050,KARIJINI (DPAW),-22.4936,118.4715
99312,505051,COONDEWANNA,-22.965,118.8089
99310,505052,BOOLGEEDA AIRPORT,-22.5422,117.2772
99313,505053,BARIMUNYA,-22.6719,119.1628
99736,505056,FORTESCUE DAVE FORREST,-22.29,119.4344
99217,505060,SOLOMON AIRPORT,-22.2547,117.847
99593,505063,ELIWANA AIRPORT,-22.4281,116.8867
99594,505064,GUDAI-DARRI MINE,-22.5055,119.0728
99300,506014,CARNARVON (DPIRD),-24.8514,113.7314
99306,507015,OPHTHALMIA - BHP,-23.3265,119.848
99401,507017,GOLDEN GROVE,-28.7647,116.9694
99400,507500,DEGRUSSA AERODROME,-25.5571,119.2868
99314,507501,WEST ANGELAS AIRPORT,-23.1342,118.7056
99619,508041,WONGAN HILLS (DPIRD),-30.844,116.7281
99639,508044,MOORA (DPIRD),-30.6597,116.0001
99417,508045,MORAWA (DPIRD),-29.2203,115.9975
99418,508046,MULLEWA (DPIRD),-28.5881,115.4461
99419,508047,BINNU (DPIRD),-28.051,114.6958
99657,508048,MINGENEW (DPIRD),-29.2844,115.391
99663,508049,ERADU (DPIRD),-28.6855,114.9741
99665,508050,CHAPMAN VALLEY (DPIRD),-28.4578,114.7768
99424,508051,YUNA (DPIRD),-28.3376,114.9898
99426,508052,ERANGY SPRINGS (DPIRD),-28.8475,115.2722
99431,508053,PERENJORI AERO (DPIRD),-29.4231,116.2813
99428,508054,LATHAM (DPIRD),-29.7974,116.5539
99425,508055,ENEABBA (DPIRD),-29.7776,115.3193
99430,508056,WATHEROO (DPIRD),-30.3072,116.07
99432,508057,BINDI BINDI (DPIRD),-30.5932,116.3527
99423,508058,THREE SPRINGS (DPIRD),-29.5232,115.8589
99422,508059,GUTHA WEST (DPIRD),-29.0587,115.8215
99421,508060,CANNA EAST (DPIRD),-28.8492,115.997
99427,508061,ALLANOOKA (DPIRD),-29.0459,114.9737
99429,508062,COOROW WEST (DPIRD),-29.9265,115.9757
99433,508063,WARRADARGE EAST (DPIRD),-30.0391,115.4988
99560,508067,MINGENEW NW (DPIRD),-29.1515,115.385
99583,508068,YUNA NE (DPIRD),-28.2093,115.2765
99538,508069,DUDAWA (DPIRD),-29.3542,115.7325
99529,508070,BUNTINE WEST (DPIRD),-29.9384,116.3488
99561,508071,MOORA NW (DPIRD),-30.613,115.8975
99420,508072,BINNU WEST (DPIRD),-28.0168,114.405
99440,508073,NORTHAMPTON WEST (DPIRD),-28.3011,114.4986
99441,508074,BINDOO (DPIRD),-28.5123,115.2166
99442,508075,PINDAR SOUTH (DPIRD),-28.5371,115.7818
99443,508076,WONGOONDY (DPIRD),-28.8254,115.566
99444,508077,CARNAMAH EAST (DPIRD),-29.7,116.145
99640,509281,WANNEROO (DPIRD),-31.5831,115.6942
99618,509391,SOUTH PERTH (DPIRD),-31.9902,115.885
99616,509396,MEDINA (DPIRD),-32.2207,115.8076
99641,509430,GIN GIN WEST (DPIRD),-31.3318,115.6035
99642,509431,LANCELIN EAST (DPIRD),-30.8848,115.4079
99666,509445,BADGINGARRA (DPIRD),-30.3381,115.5395
99662,509446,FLOREAT PARK (DPIRD),-31.9512,115.7923
99667,509455,ROLLING GREEN (DPAW),-31.6953,116.3184
99725,509478,JURIEN BAY (DPIRD),-30.2961,115.2213
99726,509479,NEW NORCIA (DPIRD),-31.0808,116.1999
99520,509486,JARRAHDALE 2 (DPIRD),-32.3514,116.0495
99525,509487,BINDOON (DPIRD),-31.3978,116.1013
99549,509488,KINGS PARK (DPIRD),-31.9589,115.8382
99539,509489,GLEN EAGLE (DPIRD),-32.2528,116.1415
99543,509490,JARRAHDALE (DPIRD),-32.3342,116.0755
,509515,WATTERSON FARM,-34.4367,117.3856
99615,509553,VASSE (DPIRD),-33.7529,115.3598
99617,509554,MANJIMUP (DPIRD),-34.2993,116.1273
99632,509555,MOUNT BARKER (DPIRD),-34.6341,117.5382
99638,509556,ESPERANCE (DPIRD),-33.6092,121.7956
99634,509562,MYALUP (DPIRD),-33.0961,115.7188
99633,509563,DONNYBROOK (DPIRD),-33.5411,115.821
99643,509564,BEEDELUP (DPIRD),-34.4091,115.9105
99650,509570,WELLSTEAD (DPIRD),-34.4893,118.6182
99658,509571,MANY PEAKS (DPIRD),-34.7679,118.2246
99656,509573,FRANKLAND (DPIRD),-34.3649,116.9806
99720,509574,COOMALBIDGUP (DPIRD),-33.747,121.2819
99693,509575,WAROONA (DPIRD),-32.8561,115.8943
99692,509576,HARVEY (DPIRD),-33.0622,115.8546
99691,509577,DARDANUP (DPIRD),-33.3368,115.7837
99723,509579,CONDINGUP WEST (DPIRD),-33.7529,122.3014
99722,509580,QUAELUP (DPIRD),-33.8821,116.8422
99698,509581,GAIRDNER (DPIRD),-34.3054,119.0986
99697,509582,STIRLINGS SOUTH (DPIRD),-34.5536,117.9283
99696,509583,SCOTT RIVER (DPIRD),-34.2507,115.2894
99695,509584,WILYABRUP (DPIRD),-33.7919,115.0637
99526,509595,BOYATUP (DPIRD),-33.7599,123.1247
99571,509596,PINJARRA (DPIRD),-32.6956,115.9163
99554,509597,MARRADONG (DPIRD),-32.8549,116.4499
99552,509598,LOGUE BROOK (DPIRD),-32.9934,115.9396
99528,509599,BRUNSWICK JUNCTION (DPIRD),-33.2709,115.7965
99535,509607,DARDANUP 2 (DPIRD),-33.3871,115.8665
99533,509608,CORDERING (DPIRD),-33.5383,116.6065
99556,509609,MCALINDEN (DPIRD),-33.5998,116.2633
99566,509610,NEWLANDS (DPIRD),-33.6543,115.8671
99522,509612,BALINGUP (DPIRD),-33.7963,116.0636
99537,509613,DININNUP (DPIRD),-33.8005,116.5527
99574,509614,ROSA BROOK (DPIRD),-33.9363,115.2191
99565,509615,NANNUP (DPIRD),-33.9371,115.795
99553,509616,MARGARET RIVER (DPIRD),-33.9719,115.105
99555,509617,MAYANUP SOUTH (DPIRD),-34.0309,116.5125
99531,509618,CARLOTTA (DPIRD),-34.0933,115.7826
99576,509619,TONEBRIDGE (DPIRD),-34.2213,116.7029
99581,509620,YANMAH (DPIRD),-34.2257,116.0178
99544,509621,KARRIDALE (DPIRD),-34.228,115.1431
99559,509622,MILYEANNUP (DPIRD),-34.2501,115.4475
99527,509623,BREMER BAY (DPIRD),-34.3781,119.3378
99573,509624,QUININUP (DPIRD),-34.4449,116.2334
99548,509625,KENDENUP WEST (DPIRD),-34.45,117.499
99567,509626,NORTHCLIFFE (DPIRD),-34.654,116.1444
99536,509627,DENMARK (DPIRD),-34.9523,117.3709
99590,509628,CAPEL (DPIRD),-33.6095,115.6407
99591,509629,STYLES TOWER (DPIRD),-33.9123,115.8999
99592,509630,FOURACRES (DPIRD),-34.3075,115.5494
99670,509640,BUNBURY RESCUE HELICOPTER BASE,-33.3726,115.6873
99445,509641,KOJANEERUP SOUTH (DPIRD),-34.5755,118.2605
99447,509642,NARRIKUP (DPIRD),-34.7594,117.8939
99448,509643,JINGALUP (DPIRD),-34.0956,117.0284
99452,509644,JERDACUTTUP (DPIRD),-33.7736,120.4567
99454,509645,MUNGLINUP (DPIRD),-33.7822,120.8131
99636,510062,MERREDIN (DPIRD),-31.4931,118.2262
99637,510063,NORTHAM (DPIRD),-31.6516,116.6942
99644,510064,MECKERING NORTH (DPIRD),-31.4058,117.1599
99647,510065,MURESK (DPIRD),-31.7277,116.6913
99660,510066,KALANNIE (DPIRD),-30.3431,117.1173
99731,510067,BEACON AERO (DPIRD),-30.4736,117.8804
99732,510068,MUKINBUDIN AERO (DPIRD),-30.9187,118.2506
99729,510069,TRAYNING WEST (DPIRD),-31.1151,117.7207
99710,510070,KELLERBERRIN AERO (DPIRD),-31.6179,117.7203
99730,510072,SHACKLETON (DPIRD),-31.9456,117.8383
99727,510073,KOORDA AERO (DPIRD),-30.8284,117.5015
99728,510074,EJANDING (DPIRD),-30.9932,117.1358
99530,510075,BURAKIN (DPIRD),-30.5296,117.1807
99524,510076,BENCUBBIN (DPIRD),-30.8191,117.8635
99547,510077,KELLERBERRIN NORTH (DPIRD),-31.3334,117.7916
99558,510078,MERREDIN NG OUT (DPIRD),-31.4849,118.2214
99575,510080,TAMMIN (DPIRD),-31.5873,117.47
99540,510081,GOODLANDS (DPIRD),-29.9948,117.2221
99582,510082,YORK EAST (DPIRD),-31.8328,116.9212
99635,510509,NEWDEGATE (DPIRD),-33.113,118.84
99631,510510,KATANNING (DPIRD),-33.683,117.6121
99630,510511,JERRAMUNGUP (DPIRD),-33.7699,118.9124
99648,510515,WICKEPIN EAST (DPIRD),-32.7442,117.8644
99649,510516,WICKEPIN (DPIRD),-32.8921,117.7674
99653,510517,RAVENSTHORPE (DPIRD),-33.4359,119.7302
99659,510518,LAKE KING (DPIRD),-33.0265,119.8007
99661,510519,HOLT ROCK (DPIRD),-32.5717,119.5011
99664,510520,EAST BEVERLEY (DPIRD),-32.1423,117.1742
99709,510525,NAREMBEEN AERO (DPIRD),-32.1081,118.4064
99711,510526,BROOKTON (DPIRD),-32.3868,117.0135
99712,510527,CORRIGIN AERO (DPIRD),-32.3457,117.8078
99713,510528,HYDEN (DPIRD),-32.444,118.8528
99714,510529,DRAGON ROCKS (DPIRD),-32.8497,119.039
99715,510530,POPANYINNING (DPIRD),-32.6529,117.0889
99707,510531,NARROGIN AERO (DPIRD),-32.9262,117.0746
99708,510532,MAGENTA DAM (DPIRD),-33.2791,119.1637
99716,510533,KONDININ AERO (DPIRD),-32.4629,118.2694
99717,510534,WAGIN AERO (DPIRD),-33.3175,117.3569
99718,510535,DUMBLEYUNG AERO (DPIRD),-33.3223,117.7492
99719,510536,DARKAN (DPIRD),-33.2646,116.8262
99721,510537,NYABING EAST (DPIRD),-33.4371,118.2864
99724,510538,ONGERUP NORTH (DPIRD),-33.8162,118.4844
99706,510539,TUNNEY (DPIRD),-34.1061,117.3594
99699,510540,STIRLINGS NORTH (DPIRD),-34.2279,117.915
99578,510541,WICKEPIN NORTH (DPIRD),-32.7202,117.4949
99523,510542,BELKA EAST (DPIRD),-31.7285,118.298
99572,510543,QUAIRADING AIRPORT (DPIRD),-32.0062,117.4165
99564,510544,MT WALKER (DPIRD),-32.0563,118.8183
99521,510545,BABAKIN (DPIRD),-32.126,118.004
99551,510546,KWEDA (DPIRD),-32.3153,117.4155
99534,510547,CORRIGIN EAST (DPIRD),-32.3228,118.0856
99569,510548,PINGELLY WEST (DPIRD),-32.5064,116.9779
99568,510549,PINGARING (DPIRD),-32.7335,118.6259
99550,510550,KULIN (DPIRD),-32.7945,118.3169
99579,510551,WILLIAMS (DPIRD),-33.0368,116.8228
99542,510552,HIGHBURY EAST (DPIRD),-33.0677,117.4963
99563,510553,MOUNT MADDEN EAST (DPIRD),-33.1832,120.0843
99570,510554,PINGRUP EAST (DPIRD),-33.4767,118.7191
99580,510555,WOODANILLING W (DPIRD),-33.5634,117.1732
99546,510556,KATANNING NG OUT (DPIRD),-33.6833,117.5821
99577,510558,WEST RIVER (DPIRD),-33.6873,119.6488
99584,510559,DUMBLEYUNG GRDC (DPIRD),-33.3391,117.7842
99585,510560,NYABING GRDC (DPIRD),-33.6098,118.1175
99586,510561,KATANNING GRDC (DPRID),-33.8125,117.5785
99587,510562,ONGERUP GRDC (DPIRD),-33.8992,118.4678
99588,510563,GNOWANGERUP GRDC (DPIRD),-33.9715,118.0177
99446,510566,COWALELLUP (DPIRD),-34.1424,118.5911
99449,510567,AMELUP (DPIRD),-34.2708,118.2685
99070,511002,MT BURAMINYA (DPIRD),-33.3097,123.0746
99645,512010,BONNIE ROCK (DPIRD),-30.5999,118.5318
99646,512013,YILGARN SOUTH (DPIRD),-31.9156,119.2561
99651,512014,SCADDAN (DPIRD),-33.4305,121.5852
99652,512015,SALMON GUMS (DPIRD),-32.9971,121.6221
99654,512016,MT HOWICK (DPIRD),-33.6615,122.7091
99655,512017,MT BURDETT (DPIRD),-33.4109,122.1595
99434,512019,MOUNT KEITH,-27.2856,120.5547
99734,512020,WESTONIA (DPIRD),-31.2283,118.5931
99733,512021,CASCADE (DPIRD),-33.4906,121.1395
99735,512022,BURRACOPPIN SOUTH (DPIRD),-31.5875,118.6972
99121,512023,TROPICANA AIRPORT,-29.1867,124.5503
99562,512024,MOORINE ROCK (DPIRD),-31.4139,119.0342
99541,512025,GRASS PATCH (DPIRD),-33.265,121.5751
99532,512026,CASCADE NW (DPIRD),-33.3399,120.7044
99589,512027,CASCADE NE (DPIRD),-33.1299,121.1868
99807,512029,GRUYERE AIRPORT,-28.0339,123.812
99450,512030,LORT RIVER (DPIRD),-33.5047,121.3887
99451,512031,RIDLEY NORTH (DPIRD),-33.1689,121.9189
99453,512032,KUMARL (DPIRD),-32.7274,121.5523
99671,523014,OUTER HARBOR BEACON,-34.7828,138.4735
,523031,OUTER HARBOR TIDE GAUGE,-34.7797,138.4808
99435,541150,WELLCAMP AIRPORT,-27.5517,151.7845
99402,541157,CHINCHILLA AIRPORT,-26.769,150.6171
,561112,WALLSEND BOWLING CLUB,-32.9045,151.6654
99056,567100,WESTMEAD HOSPITAL,-33.805,150.9833
,586268,STONY POINT JETTY NTC AWS,-38.3722,145.2247
99975,595500,MUELLER RIDGE (LAKE GORDON),-42.7981,146.4044
99977,597046,UPPER RUSSELL (COMPTON HILL),-42.9314,146.7372
99976,597504,RAZORBACK (MCKAYS TRACK),-43.1522,146.4447
